﻿Pokemon Red - VisualBoyAdvance-M 2.1.5,Pokemon Blue - VisualBoyAdvance-M 2.1.5,Pokemon - Yellow Version - VisualBoyAdvance-M 2.1.5,Pocket Monsters - Red Version - VisualBoyAdvance-M 2.1.5,Pocket Monsters - Green Version - VisualBoyAdvance-M 2.1.5,Pocket Monsters - Blue Version - VisualBoyAdvance-M 2.1.5
[0xFE7],[0xFE7],[0xFE6],[0xFCE],[0xFCE],[0xFCE]
[0xD25],[0xD25],[0xD26],[0xD25],[0xD25],[0xD25]
[0xFEC],[0xFEC],[0xFEB],[0xFD3],[0xFD3],[0xFD3]
[0xFE9],[0xFE9],[0xFE8],[0xFD0],[0xFD0],[0xFD0]
visualboyadvance-m.exe,visualboyadvance-m.exe,visualboyadvance-m.exe,visualboyadvance-m.exe,visualboyadvance-m.exe,visualboyadvance-m.exe
0x2758E30,0x2758E30,0x2758E30,0x2758E30,0x2758E30,0x2758E30
