﻿Game,Pokemon Red - VisualBoyAdvance-M 2.1.5,Pokemon Blue - VisualBoyAdvance-M 2.1.5,Pokemon - Yellow Version - VisualBoyAdvance-M 2.1.5,Pocket Monsters - Red Version - VisualBoyAdvance-M 2.1.5,Pocket Monsters - Green Version - VisualBoyAdvance-M 2.1.5,Pocket Monsters - Blue Version - VisualBoyAdvance-M 2.1.5,Pokemon - Gold Version - VisualBoyAdvance-M 2.1.5,Pokemon - Silver Version - VisualBoyAdvance-M 2.1.5,Pokemon - Crystal Version - VisualBoyAdvance-M 2.1.5
Current Health,[0xFE7],[0xFE7],[0xFE6],[0xFCE],[0xFCE],[0xFCE],[0x100],[0x100],[0x217]
Max Health,[0xD25],[0xD25],[0xD26],[0xD25],[0xD25],[0xD25],[0x102],[0x102],[0x219]
Catch Rate,[0xFEC],[0xFEC],[0xFEB],[0xFD3],[0xFD3],[0xFD3],[0x114],[0x114],[0x22B]
Status,[0xFE9],[0xFE9],[0xFE8],[0xFD0],[0xFD0],[0xFD0],[0xFD],[0xFD],[0x214]
Emulator,visualboyadvance-m.exe,visualboyadvance-m.exe,visualboyadvance-m.exe,visualboyadvance-m.exe,visualboyadvance-m.exe,visualboyadvance-m.exe,visualboyadvance-m.exe,visualboyadvance-m.exe,visualboyadvance-m.exe
Offset,0x2758E30,0x2758E30,0x2758E30,0x2758E30,0x2758E30,0x2758E30,0x2758E38,0x2758E38,0x2758E38
Generation Boolean,"[gen1 := True, gen2 := False]","[gen1 := True, gen2 := False]","[gen1 := True, gen2 := False]","[gen1 := True, gen2 := False]","[gen1 := True, gen2 := False]","[gen1 := True, gen2 := False]","[gen1 := False, gen2 := True]","[gen1 := False, gen2 := True]","[gen1 := False, gen2 := True]"
